,Al2O3/CaO,Fe2O3/CaO,K2O/CaO,SiO2/CaO,TiO2/CaO
α,0.8053655401234595,0.8285948475584197,1.2556144250791526,0.6481094310363194,0.6569259351877481
β,4.732034453518127,0.8669809079254818,0.8792140230667922,3.5702863860079184,-1.3225901529968858
