,Al2O3/CaO,Fe2O3/CaO,K2O/CaO,SiO2/CaO,TiO2/CaO
alpha,0.680385513,0.82870192,1.210315839,0.633832022,0.659922318
beta,4.016113836,0.866168571,0.763480761,3.521844197,-1.292290385