,Al2O3/CaO,Fe2O3/CaO,K2O/CaO,SiO2/CaO,TiO2/CaO
α,0.7193694845077395,0.7766970438017913,1.2048430321187087,0.7075740104950653,0.6614962000052406
β,4.211941301157898,0.662594659313114,0.6946830667825941,3.828742307894333,-1.370013932995771
